date,round,item,kind,seconds,measured,notes
2026-09-26,1,v1 timing smoke (throwaway rows),timing_smoke,3,approx,per-example timing of 5 condition types; total not logged
2026-09-26,1,p5_first_run_v1_dev attempt 1,dev_smoke,18.7,yes,exposed degenerate-sd bug; output overwritten by attempt 2
2026-09-26,1,p5_first_run_v1_dev attempt 2,dev_smoke,19.0,yes,committed dev smoke
2026-09-26,1,p5_first_run_v1_test via /usr/bin/time,synthetic_run,0,yes,did not execute (/usr/bin/time missing); no output produced
2026-09-26,1,p5_first_run_v1_test,synthetic_run,80.9,yes,reported v1 results
2026-09-26,1,unit tests (several invocations),unit_tests,3,approx,about 0.7 s each
2026-09-26,2,unit tests (several invocations),unit_tests,5,approx,about 0.9 s each
2026-09-26,2,scripts/reanalyse_v1.py (3 invocations),analysis,5,approx,no new sampling; closed form + raw re-aggregation + 4999 sign flips per null cell
2026-09-26,2,E8 dev smoke (seed 999; 1 failed start),dev_smoke,0.04,yes,code-path check with a different seed; not reported
2026-09-26,2,p5_e8_exact_v1,synthetic_run,1.1,yes,pre-registered small exact verification
2026-09-26,2,scripts/make_paper_assets.py (several invocations),analysis,4,approx,no new sampling; closed-form curves on 100 regenerated rows
2026-09-26,2,P5-E8-CALIB,not_run,0,-,estimated 1442 CPU-s (about 24 CPU-min); requested about 40 CPU-min
2026-09-27,3,unit tests (several invocations),unit_tests,6,approx,about 1.4 s each
2026-09-27,3,backend benchmark (loop vs array-at-a-time),timing_smoke,1,approx,20 examples x 50 permutations; target and joint
2026-09-27,3,scripts/audit_calib_contract.py (3 invocations),analysis,3,approx,closed form + exact binomial OC; no sampling
2026-09-27,3,calibration timing smoke (seed 999; 1 replicate per cell),timing_smoke,16.6,yes,wall; 31 CPU-s over 2 processes; not reported
2026-09-27,3,p5_e8_calib_v3,synthetic_run,1192.8,yes,wall seconds; 2381.2 CPU-s over 2 processes; 920 tasks; run once
2026-09-27,4,installs / downloads / GPU / paid API,none,0,-,nothing installed or downloaded this round (ICML 2026 style zip was fetched in round 2 and is not vendored)
2026-09-27,4,scripts/derive_interval_errata.py,analysis,1,approx,exact binomial intervals from committed summaries; no sampling
2026-09-27,4,tests/test_gmm.py (several invocations),unit_tests,10,approx,about 10 s wall per invocation; 1 thread
2026-09-27,4,p5_syn_learn_01_dev,dev_smoke,22.3,yes,wall; 1 process 1 thread (CPU-s ~ wall); pipeline smoke only; not reported
2026-09-27,4,p5_syn_learn_01_test,synthetic_run,22.5,yes,wall; 1 process 1 thread (CPU-s ~ wall); run once; FM arms NOT_RUN
2026-09-27,4,full unit suite (final),unit_tests,11.3,yes,56 tests; 11.2 CPU-s user; 1 thread
2026-09-27,4,scripts/make_paper_assets.py + scripts/check_tex.py (several invocations),analysis,5,approx,about 1.0 s and 0.03 s each; no sampling
2026-09-27,4,INDEPENDENT/SHARED_CONDITIONAL_FM,not_run,0,-,no numpy/PyTorch; installation not approved
2026-09-27,4,PDF build,not_run,0,-,no TeX in environment; installation not approved; no external compile service
2026-09-27,4,export bundle build + checks from export_bundle/ (static check; 56 tests),analysis,12,yes,11.9 s wall for the tests; bundle copy 0.07 s; fetch_style.sh tested offline with the round-2 local zip (no download)
2026-09-27,4,p5_syn_learn_01 reproducibility re-run from export_bundle (test split; scratch output),repro_check,23.0,yes,wall; 1 process 1 thread; summary identical to the committed run except timings; not reported and not a second result
2026-09-27,5,environment search for torch/numpy/TeX (interpreters; venvs; pip/uv caches),analysis,2,approx,none found; nothing installed or downloaded
2026-09-27,5,full unit suite (after adapter fixes),unit_tests,12.7,yes,64 tests; 57 pass; 7 SKIPPED (torch fixtures); 12.5 CPU-s; 1 thread
2026-09-27,5,INDEPENDENT/SHARED_CONDITIONAL_FM training and evaluation,blocked,0,-,BLOCKED_DEPENDENCIES: no torch/numpy; no resource approval
2026-09-27,5,PDF build,not_run,0,-,no TeX in environment; installation not approved; no external compile service
2026-10-02,6,torch CPU install into .venv-p5 (user-delivered limited approval),install,58,yes,wall; torch-2.14.1+cpu wheel 196.2 MB from download.pytorch.org/whl/cpu (sha256 5e38154c...); numpy 2.4.6 + 8 deps from PyPI; venv 985 MB; recorded separately from the research budget
2026-10-02,6,torch fixtures tests/test_fm_adapter.py (12 run; 1 no-torch test skipped),unit_tests,2.1,yes,CPU-s (wall 2.2 s); 1 thread; charged to the research budget
2026-10-02,6,FM timing smoke attempt 1 (seed 999; failed: KeyError batch for the shared arm),timing_smoke,6.9,yes,CPU-s user+sys; bug fixed (batch/lr resolution); charged to the research budget; no result looked at
2026-10-02,6,FM timing smoke attempt 2 (seed 999; 500 updates per arm + sampling benchmark + dry eval on 3 train rows),timing_smoke,7.1,yes,CPU-s (process_time; wall 7.3 s; whole process 9.0+1.0 s incl. torch import); estimate for the full plan 481 CPU-s; charged to the research budget; numbers not reported
