claim_id,paper_location,claim,status,evidence_type,experiment_ids,evidence_files,assumptions,notes
C01,"Sec.1,2","The identity q_d(z|x) = int q(z|x,y) q(y|x) dy and its use as a consistency criterion (C1, marginalization consistency) are prior work.",KNOWN_PRIOR,literature,-,RELATED_WORK.md (sec. F); paper/references.bib,full text of arXiv 2608.06004 sections 3-4 read directly,Not counted as a contribution.
C02,Sec.3 Remark,Target-level consistency does not determine the joint; a correlation break with exact target marginal exists.,KNOWN_PRIOR,literature + toy control,P5-E2-CHECKER,RELATED_WORK.md (sec. F); tests/test_gaussian.py; results/raw/p5_first_run_v1_test/summary.json,Gaussian probe,Prop. 2 of Kloetergens et al. 2026; our Gaussian instance is only a control.
C03,Sec.3 Prop.1,"Target-level equality is equivalent to compatibility of the triple (q(y|x), q(z|x,y), q_d(z|x)).",PROVED_ELEMENTARY,proof,-,paper/main.tex (app. A),densities exist; q(y|x)>0 where used,Elementary; not claimed as new.
C04,Sec.5.2,"Collapsing both branches passes the consistency check (d=0, p=1) while CRPS is 41.6% worse than the exact sampler (theory 41.4%).",ENGINEERING_PASS (pre-registered EH4),toy experiment,P5-E3-COLLAPSE; P5-E1-NULL,results/raw/p5_first_run_v1_test/P5-E3-COLLAPSE.jsonl; results/raw/p5_first_run_v1_test/P5-E1-NULL.jsonl; paper/generated/numbers.tex,Gaussian probe; N=200; M=256,CRPS vs exact re-aggregated from raw (paired by example).
C05,Sec.3 Prop.4; Sec.5.2,"Feeding the observed intermediate improves the proper score by leakage (CRPS diff -0.180 [-0.229, -0.131]) and is detected as a different law.",PROVED_ELEMENTARY + ENGINEERING_PASS (EH5),proof + toy experiment,P5-E4-INTERMEDIATE,paper/main.tex (app. A); results/raw/p5_first_run_v1_test/summary.json,"strictly proper score; jointly drawn (y_obs, z_obs)",Consequence of propriety (Gneiting & Raftery 2007).
C06,Sec.5.2,Chain generation z|y is detected under the non-Markov joint and not under the Markov joint.,ENGINEERING_PASS (EH6),toy experiment,P5-E4-INTERMEDIATE; P5-E4-MARKOV,results/raw/p5_first_run_v1_test/summary.json,seeds shared across joints (known issue),Expected from conditional independence; not a finding about generators.
C07,Sec.5.2,Mean shifts >= 0.1 tau and variance ratios 0.8/1.25/1.5 are detected at target level; correlation breaks only at joint level.,"ENGINEERING_PASS (EH2, EH3)",toy experiment,P5-E2-CHECKER,results/raw/p5_first_run_v1_test/summary.json; paper/generated/tab_controls.tex,N=200; M=256; Test S; alpha=0.05,Engineering validity of positive controls only.
C08,Sec.5.5,The v1 exact null was rejected (p=0.026); the pre-registered gate EH1 failed and the model-stage stop remains in force.,ENGINEERING_FAIL (EH1) - kept,toy experiment,P5-E1-NULL; P5-E1-NULL-REPS; P5-E4-MARKOV,"results/raw/p5_first_run_v1_test/summary.json; STATUS.md; RESEARCH_PACKET.md (sec. 5, 6)",-,Not reinterpreted as PASS.
C09,Sec.4.3; app. A,Test S (sign flips of d_i) is exact under A1-A3.,PROVED_STANDARD,proof,-,paper/main.tex (app. A); RESEARCH_PACKET.md (sec. 6.3),"A1-A3 (independent examples, iid within branch, independent branches)",Standard randomization argument.
C10,Sec.5.5; app. D,"Given observed |d_i|, the sign-flip distribution of the studentized mean has sd 0.985-1.014 and q95 1.61-1.69 in the seven v1 null cells.",TOY_EXPLORATORY,re-analysis of raw,P5-E1-NULL; P5-E4-MARKOV; P5-E5-MC,results/reanalysis_v1/z_null_check.json; scripts/reanalyse_v1.py,computed after results were seen,Does not establish calibration.
C11,Sec.5.3; app. C,Observed v1 contrasts match their closed-form expectations: |z| <= 2.16 over 43 target cells and <= 2.60 over 25 joint cells.,TOY_EXPLORATORY,re-analysis of raw + closed form,P5-E1..E7,results/reanalysis_v1/predicted_vs_observed.json; src/p5compat/analytic.py,Gaussian laws; regenerated rows digest-checked,"Numerical agreement, not proof."
C12,Sec.5.4 Fig.1a,"The Monte Carlo floor of ED_V(A,B) follows 2E|X-X'|/M for M=32..512.","TOY_RESULT (descriptive, pre-registered E5) + known theory",toy experiment,P5-E5-MC; P5-E1-NULL,results/raw/p5_first_run_v1_test/summary.json; paper/generated/fig_mc.dat,nested prefixes across M (CRN),"Floor formula is standard (Lemma, app. A)."
C13,Sec.5.4 Fig.1b,"With exact scores and w=0, the Euler direct-vs-sequential population gap is below the detection resolution (0.00143) from about 6 steps, and plateaus at the prior-mismatch value 0.00017.",TOY_EXPLORATORY,closed form + toy experiment,P5-E6-SOLVER,results/reanalysis_v1/population_gaps.json; paper/generated/fig_solver_closed.dat; results/raw/p5_first_run_v1_test/summary.json,"VE PF-ODE, EDM schedule, sigma_max=80, N(0,sigma_max^2) init",Closed-form curve computed after v1 results were seen.
C14,Sec.5.4,"Solver bias relative to the exact law persists (e.g. D=0.0095 at 16 Euler steps, detected) while the direct-vs-sequential check does not detect it; passing consistency does not certify the sampler.",TOY_RESULT + TOY_EXPLORATORY,toy experiment + closed form,P5-E6-SOLVER,results/raw/p5_first_run_v1_test/summary.json; results/reanalysis_v1/population_gaps.json,Gaussian probe,Toy-specific magnitude; not claimed to generalize.
C15,Sec.5.4 Fig.1c,CFG with exact scores alone creates population direct-vs-sequential gaps 0.031/0.155/0.677/1.909 at w=0.5/1/2/4; observed means agree.,"TOY_RESULT (descriptive, pre-registered E7) + closed form",toy experiment + closed form,P5-E7-CFG,results/raw/p5_first_run_v1_test/summary.json; results/reanalysis_v1/population_gaps.json,unconditional = target marginal; Euler 64 steps,CFG distortion itself is known (Chidambaram et al. 2024; Bradley & Nakkiran 2024).
C16,Sec.4.3 Prop.,"With equal group sizes, V- and U-statistic aggregations give identical permutation p-values.",PROVED_ELEMENTARY,proof + unit test,-,paper/main.tex (app. A); tests/test_permutation.py,equal M across groups,Elementary.
C17,Sec.4.4 Prop.,"The guided PF-ODE with exact Gaussian scores (Euler/Heun) is affine in (x0, m_c, m_u), so its output law is closed-form.",PROVED_ELEMENTARY,proof + unit test,-,paper/main.tex (app. A); src/p5compat/analytic.py; tests/test_permutation.py,Gaussian conditionals; VE parameterization,Unit test agreement is a numerical check.
C18,Sec.5.5,Test P satisfies exact conditional super-uniformity on 55 small datasets (incl. ties) by full enumeration.,ENGINEERING_PASS (E8 component A),exact enumeration,P5-E8-EXACT,results/raw/p5_e8_exact_v1/summary.json; results/raw/p5_e8_exact_v1/raw.jsonl; configs/p5_e8_exact_v1.json,|G| <= 4900,Implementation check of a textbook principle.
C19,Sec.5.5,Monte Carlo permutation p-values (B=1999) agree with exact ones and are never 0.,ENGINEERING_PASS (E8 component B),exact enumeration + MC,P5-E8-EXACT,results/raw/p5_e8_exact_v1/summary.json,"design (2,4)",-
C20,Sec.5.5 Tab.3,"At |G|=8000, Test P shows no excess rejection under three nulls and is powered for a 2 tau shift; variance/correlation/collapse alternatives are not powered.",ENGINEERING_RESULT (E8 component C),exact enumeration,P5-E8-EXACT,results/raw/p5_e8_exact_v1/summary.json,"N=3, M=3; one-sided 95% CP bounds",Not flagging excess does not prove size 0.05.
C21,Sec.5.5,"Test P is calibrated and powered at realistic size (N=200, M=64).",NOT_RUN,-,P5-E8-CALIB,configs/p5_e8_calib_v2.json,-,Needs about 24 CPU-min (estimate); unapproved budget.
C22,Sec.5.6,Learned any-to-any generators have direct-vs-sequential gaps beyond numerical/guidance effects.,NOT_TESTED,-,P5-REAL-01,-,-,Central scientific question; model-stage STOP in force.
C23,Sec.5.6,A consistency regularizer reduces the gap without loss of proper score or diversity relative to shared-joint and equal-compute baselines.,NOT_TESTED,-,P5-REAL-02,-,-,-
C24,Sec.1,Candidate contribution: a sampling design and error decomposition for sample-only generators.,CANDIDATE (novelty not established),design + literature check,-,RELATED_WORK.md (sec. G),literature check not exhaustive; Yalavarthi 2026 and Young 2026 not checked,Must be re-assessed after reading remaining close work.
C25,Sec.6,v1 seeds reused identical noise across the two joints; conditions share reference draws.,KNOWN_ISSUE,code audit,P5-E1-NULL; P5-E4-MARKOV,src/p5compat/experiment.py (derive_seed); src/p5compat/seeds.py,-,Fixed for new experiments via seed_v2; v1 not re-run.
C26,Sec.5.5,The never-run v2 calibration gate would fail an exactly valid size-0.05 test with probability 0.879 (all null cells pass with probability 0.121).,DESIGN_DEFECT_FOUND (pre-run),closed-form binomial OC,P5-E8-CALIB (v2),results/calib_contract_audit/p5_e8_calib_v2.json; scripts/audit_calib_contract.py,"per-test size exactly 0.05 (B=199, continuous T)",v2 preserved and superseded by v3 before any run.
C27,Sec.5.5; RESEARCH_PACKET 8.2,"In E8-EXACT, target- and joint-level cells of the same condition shared rows and samples (seed key omitted the level).",KNOWN_ISSUE,code audit,P5-E8-EXACT,src/p5compat/e8.py; RESEARCH_PACKET.md,-,No verdict change; fixed in calib keys (tests/test_calib_contract.py).
C28,Sec.3; Sec.4.3,The joint-level test is exact under full joint equality but has power only against differences in the 8 chosen projections; it cannot certify joint equality.,PROVED_ELEMENTARY (statement of identification),argument,-,"paper/main.tex (Sec. 3, 4.3)",fixed direction set U,Within the Gaussian family 8 directions identify the law.
C29,Sec.4.3; RESEARCH_PACKET 8.6,The array-at-a-time stdlib backend reproduces the loop backend on every allocation of exact fixtures and gives identical exact and MC p-values; it is slower (about 0.6x).,ENGINEERING_PASS (equivalence) / no speed gain,exact enumeration + benchmark,-,tests/test_permutation.py; src/p5compat/permutation.py,numpy not installed,Unused for the run.
C30,Sec.4.3,"With B=199 the p-value grid step is 0.005, size at alpha=0.05 is exactly 0.05, and Bonferroni families larger than 10 cannot reject.",PROVED_ELEMENTARY,arithmetic,-,results/calib_contract_audit/p5_e8_calib_v3.json,continuous statistic (no ties),Future model-level families need larger B.
C31,Sec.5.5 Tab.,"Contract of the four alternatives: mean shift and variance ratio and one-sided collapse change target, projected joint and truth; the correlation flip changes only the joint; both-branch collapse is a compatibility null and a quality failure.",PROVED_ELEMENTARY (closed form),closed form,P5-E8-CALIB,results/calib_contract_audit/p5_e8_calib_v3.json; paper/generated/tab_contract.tex,Gaussian probe,-
